<?xml version="1.0" encoding="UTF-8"?>
<project-private xmlns="http://www.netbeans.org/ns/project-private/1">
    <editor-bookmarks xmlns="http://www.netbeans.org/ns/editor-bookmarks/2" lastBookmarkId="0"/>
    <open-files xmlns="http://www.netbeans.org/ns/projectui-open-files/2">
        <group>
            <file>file:/D:/xampp/htdocs/Rapline/application/config/autoload.php</file>
            <file>file:/D:/xampp/htdocs/Rapline/application/controllers/Rapor.php</file>
            <file>file:/D:/xampp/htdocs/Rapline/application/models/DataManipulationModel.php</file>
            <file>file:/D:/xampp/htdocs/Rapline/application/controllers/Actions.php</file>
            <file>file:/D:/xampp/htdocs/Rapline/application/controllers/Home.php</file>
            <file>file:/D:/xampp/htdocs/Rapline/application/helpers/fields_helper.php</file>
            <file>file:/D:/xampp/htdocs/Rapline/application/controllers/Data.php</file>
        </group>
    </open-files>
</project-private>
